id,first_name,last_name,gender,job_title,age,city,state,country
7628811531,Aldin,MacCaffrey,Male,Research Assistant I,32,Chenzhou,,China
9525702995,Lancelot,Bartosinski,Male,,32,Yanmen,,China
3533335607,Belita,Wootton,Female,Senior Cost Accountant,48,Drammen,Buskerud,Norway
4959988371,Izabel,Hacker,Female,Software Test Engineer III,41,Laascaanood,,Somalia
7246900632,Lissie,Gilogly,Female,Software Engineer III,32,,,Serbia
5886443460,Sholom,Denys,Male,,73,Xinshiba,,China
2482284651,Trueman,Swanton,Male,Environmental Tech,32,Resplendor,,Brazil
9416189243,Kinna,Castanie,Female,Programmer IV,50,Živinice,,Bosnia and Herzegovina
4996888571,Rudolfo,Moylane,Male,Automation Specialist IV,72,,,Ukraine
8676461392,Amalle,Duley,Female,Librarian,32,,,Argentina
2194857508,Luz,Chinge,Female,VP Accounting,33,,,Burkina Faso
7624099403,Allin,Clawe,Male,Chemical Engineer,59,Lebedyn,,Ukraine
9020290460,Clotilda,Koschek,Female,Associate Professor,32,Sipoholon,,Indonesia
9539685451,Sayres,Saines,Male,Physical Therapy Assistant,37,Gostyń,,Poland
4529835170,Coleman,Kruschov,Male,,73,Wenping,,China
7196663462,El,Hartzenberg,Male,Quality Engineer,32,Darungan,,Indonesia
9650095071,Shurlocke,Malletratt,Male,Quality Control Specialist,50,Gaozhuang,,China
7250271806,Nealson,Lalor,Male,Financial Advisor,32,,,Laos
8346300808,Taylor,Scandrick,Male,Safety Technician IV,65,Qinghua,,China
9610433480,Horton,Ansteys,Male,Recruiter,32,Gävle,Gävleborg,Sweden
6215860352,Virgilio,Eatherton,Male,Teacher,37,Bolderaja,,Latvia
8973436112,Bernhard,Yesson,Male,Software Engineer IV,23,Daveluyville,Québec,Canada
6386014499,Briana,Davitt,Female,Physical Therapy Assistant,41,Zhangdan,,China
6749596282,Sally,McClymont,Female,Compensation Analyst,66,Changkeng,,China
4028266750,Skippie,Kitchenman,Male,Electrical Engineer,33,Padasuka,,Indonesia
3177391122,Flori,Cromley,Female,Senior Cost Accountant,34,São Vicente de Ferreira,,Portugal
1118046587,Briana,Josifovic,Female,Assistant Professor,54,Nangka,,Indonesia
9255344358,Aggie,Glader,Female,Assistant Manager,,Xinxu,,China
5662316341,Hurlee,Gilchriest,Male,Internal Auditor,27,Dinahican,,Philippines
5740590272,Carlyn,Zuenelli,Female,Associate Professor,16,New Plymouth,,New Zealand
2524983994,Andy,Van der Kruijs,Female,Developer IV,37,Vila Fria,Viana do Castelo,Portugal
8279714979,Wilburt,Searson,Male,,52,Maquiapo,,Philippines
9796014238,Derward,Demicoli,Male,Recruiter,50,Humaitá,,Brazil
6605474414,Bradford,Stidston,Male,Chief Design Engineer,25,La Molina,,Peru
2859577645,Darb,Hughlin,Male,Account Coordinator,32,Omišalj,,Croatia
7948372555,Conant,Ayers,Male,Help Desk Technician,17,Safotu,,Samoa
3003575473,Charla,Krol,Female,Quality Control Specialist,30,,,Armenia
9237926529,Tyler,Bille,Male,Sales Representative,28,Saint Louis,Missouri,United States
8655640913,Abie,Walewicz,Male,Financial Analyst,31,,Norrbotten,Sweden
1588691802,Aland,Jon,Male,Statistician II,70,,,Argentina
8108382653,Andi,Hatherill,Female,,16,Manado,,Indonesia
7550693439,Dulcy,Geockle,Female,Assistant Professor,32,Dadong,,China
1348723629,Flore,Lackie,Female,Staff Accountant II,49,Aubenas,Rhône-Alpes,France
4802335679,Madelon,Pasticznyk,Female,Legal Assistant,40,Carmen de Viboral,,Colombia
9978212566,Oralia,Oda,Female,,52,Serov,,Russia
8931803648,Orson,McGenis,Male,Quality Engineer,,Kamakura,,Japan
5452593861,Cahra,Pigeon,Female,Engineer III,32,Los Tangos,,Honduras
7123000986,Blair,Rabjohn,Male,Graphic Designer,32,San Sebastian,,Mexico
3241897117,Ram,Cassley,Male,Cost Accountant,32,,,Zimbabwe
2655605683,Ulysses,Kenewel,Male,Accountant III,19,Zastávka,,Czech Republic
1916993893,Winifred,Shewry,Female,Staff Accountant I,74,San Diego,,Costa Rica
5859850034,Georgianne,Ridgeway,Female,Senior Developer,32,Chalchuapa,,El Salvador
0785811982,Allan,Menure,Male,Help Desk Operator,32,,Ostfold,Norway
0778857646,Land,Braney,Male,Clinical Specialist,72,Banyuresmi,,Indonesia
7470418679,Alida,Streat,Female,Research Nurse,50,Yunlu,,China
9035982711,Blaine,Gibb,Male,Mechanical Systems Engineer,30,Särkisalo,,Finland
4102955399,Fayth,Benzies,Female,Professor,18,Baini,,China
8933280596,Rowland,Jacobsen,Male,VP Product Management,33,Hebeitun,,China
8408002570,Auroora,McGurn,Female,Account Coordinator,35,Krajan Tengah,,Indonesia
6168998853,Kate,Tapply,Female,Database Administrator I,30,Skoura,,Morocco
9879861337,Kin,Benettelli,Male,Data Coordiator,57,,,China
3411254106,Deerdre,Clearley,Female,,35,Sonzacate,,El Salvador
8925310244,Brigit,Puttrell,Female,Software Engineer I,48,Guérande,Pays de la Loire,France
8265662092,Manfred,Kehoe,Male,VP Marketing,96,Washington,District of Columbia,United States
2448728895,Jeanna,Every,Female,Computer Systems Analyst II,53,Avdzaga,,Mongolia
2680612779,Robbin,Ierland,Female,Senior Quality Engineer,21,Alegria,,Philippines
0363403361,Hewett,MacDonald,Male,,79,Ledoy,,Peru
2934054616,Valery,Lemasney,Female,Geological Engineer,46,Guilhabreu,,Portugal
0276521188,Royce,Alliker,Male,Project Manager,32,Côn Sơn,,Vietnam
1226859984,Austin,Bickerton,Male,,32,Järna,Stockholm,Sweden
4133799690,Rancell,Robion,Male,Chief Design Engineer,74,Non Sila,,
8725359711,Grayce,Polet,Female,Occupational Therapist,54,Mouzáki,,Greece
8667316776,Tina,Brydell,Female,Design Engineer,32,Aulnay-sous-Bois,Île-de-France,France
2205248200,Nelia,Raecroft,Female,Teacher,32,Santo Estêvão,,Brazil
1878943154,Lin,Backhouse,Female,Occupational Therapist,32,Caeté,,Brazil
8026332490,Dinah,Beaufoy,Female,,44,Bol’shoye Skuratovo,,Russia
8039238293,Tallou,Mirfield,Female,Help Desk Operator,60,Labuhanjambu,,Indonesia
6533416103,Holt,De Malchar,Male,Chief Design Engineer,32,,,Thailand
3810889636,Giff,Loache,Male,Account Coordinator,32,Fuxing,,China
5006726814,Ritchie,Clemencet,Male,Assistant Manager,23,Dobra,,Poland
6942068314,Joby,Langfitt,Female,Information Systems Manager,,Itu,,Brazil
9278210161,Kimmi,Tift,Female,Information Systems Manager,34,,,
6058345979,Abbott,Everington,Male,Health Coach IV,64,Dake,,China
2935842073,Hermy,Cicco,Male,Nurse,32,Corroios,Setúbal,Portugal
9189414772,Doralia,Roset,Female,Quality Control Specialist,38,Budapest,,Hungary
4766685008,Cornelius,Pavyer,Male,Staff Scientist,32,,,Indonesia
9772543796,Clemens,Margaret,Male,Web Developer I,32,Whistler,British Columbia,Canada
0461600358,Morley,Bowne,Male,Staff Scientist,32,Quinta,Aveiro,Portugal
6902592292,Christopher,Hobson,Male,Operator,32,,,Peru
9291631817,Amberly,Brierton,Female,Nurse Practicioner,24,Poitiers,Poitou-Charentes,France
5532608350,Templeton,Ryott,Male,Senior Financial Analyst,40,,,China
0488103592,Jacob,Lockton,Male,Mechanical Systems Engineer,32,Palue,,Indonesia
1102824615,Jesse,Jackling,Male,Speech Pathologist,41,Cikai,,China
2830242475,Nikaniki,Harrap,Female,Nurse,30,Bahuang,,China
9934057875,Dallas,Dixcey,Male,Information Systems Manager,20,Detroit,Michigan,United States
6636910755,Flemming,Oaker,Male,,32,Fuding,,China
0699113431,Ryley,Clausius,Male,Administrative Officer,32,Magaria,,
0870801317,Jennie,Day,Female,Financial Advisor,64,,,Nigeria
3686877244,Joachim,Scough,Male,Community Outreach Specialist,43,,,Colombia
5557664351,Tedman,Macieja,Male,Help Desk Technician,32,Zhangguanying,,China
6366965528,Petronilla,Zellick,Female,Marketing Assistant,42,Chaoyang,,China
0501545832,Martin,Dayes,Male,Software Consultant,32,Jajar,,Indonesia
7986668997,Meghan,Late,Female,,,Cahors,Midi-Pyrénées,France
4883811859,Tessi,Forgie,Female,,31,Uluarang,,Indonesia
2506590579,Cati,Catcheside,Female,Nuclear Power Engineer,32,,,Tanzania
3609387254,Mata,Congram,Male,Analyst Programmer,32,Krapina,,Croatia
1588913392,Dorian,Geraldini,Female,Office Assistant I,,Plaeng Yao,,Thailand
2635160422,Lacie,Agass,Female,Recruiting Manager,29,Horlivka,,Ukraine
9186751255,Cullen,Capaldo,Male,Software Engineer II,54,,Perak,Malaysia
9595246700,Lethia,McGrory,Female,Senior Cost Accountant,,Hovd,,Mongolia
6593856029,Melisandra,Warlow,Female,Software Consultant,71,Germiston,,South Africa
5051789692,Jereme,Abadam,Male,Quality Control Specialist,31,Galimuyod,,Philippines
7970429076,Kristofer,Charlton,Male,Professor,32,Sumeng,,China
0884977420,Melitta,Duplain,Female,Project Manager,60,Bum Bum,,Venezuela
6052517557,Janeva,Hilbourne,Female,Legal Assistant,19,Rābigh,,Saudi Arabia
5132958230,Tamarah,Bewshire,Female,Desktop Support Technician,34,Parion,,Philippines
9775714427,Tulley,Siddeley,Male,Account Executive,31,Tanggung,,Indonesia
7858000306,Westleigh,McCuish,Male,Associate Professor,,Cincinnati,Ohio,United States
3910352332,Aleen,Muirden,Female,Nuclear Power Engineer,,General Conesa,,Argentina
2096066840,Lauritz,Postians,Male,Office Assistant IV,47,Wañgan,,Philippines
1985505193,Gerri,Gorgler,Male,Quality Engineer,43,Khomutovo,,Russia
5087233929,Clari,Copestake,Female,Software Engineer II,46,Petauke,,Zambia
6657013426,Burch,Thew,Male,Pharmacist,,Svecha,,Russia
9243048821,Shirlene,Satterly,Female,Senior Cost Accountant,32,Bujanovac,,Serbia
8426468047,Quint,Spary,Male,Developer II,32,Manzanares,,Colombia
3446937536,Valentin,Basnett,Male,Media Manager I,83,Taramana,,Indonesia
9164298841,Roseline,Matzke,Female,Senior Sales Associate,34,,,Nigeria
0507854012,Tressa,Element,Female,Administrative Assistant I,32,Juliaca,,Peru
1948674572,Andrus,Trulock,Male,Geologist IV,32,Muyuzi,,China
0786254629,Tasia,McGuff,Female,Actuary,40,Tam Bình,,Vietnam
5140330202,Coriss,Ashfold,Female,Nurse Practicioner,32,Gândara de Aquém,Leiria,Portugal
4219365842,Franz,Lloyd-Williams,Male,Recruiter,65,Wasilków,,Poland
9795142925,Aggy,McGaughie,Female,Senior Sales Associate,33,Dazaifu,,
0435554840,Ivy,Lewsie,Female,Human Resources Manager,32,,,China
0027820548,Cecelia,Pettican,Female,Registered Nurse,39,Urzuf,,Ukraine
5571723688,Hendrick,Clendennen,Male,Assistant Professor,55,,,Indonesia
5628363952,Nancy,Carruth,Female,Database Administrator III,32,Elektrėnai,,Lithuania
7101995993,Demetris,Bigglestone,Female,Structural Engineer,,Benito Juarez,Mexico,Mexico
0010183477,Malva,Jollie,Female,Health Coach I,57,Tsurib,,Russia
6390756747,Bendick,Wheowall,Male,,32,Fátima,Santarém,Portugal
8168849442,Haley,Winstanley,Male,Chief Design Engineer,32,Ungaran,,Indonesia
5018026278,Helsa,Doddridge,Female,Nurse Practicioner,32,Tanjungsari Barat,,Indonesia
5015374739,Violet,Freestone,Female,Senior Sales Associate,35,Kangar,Perlis,Malaysia
4350343423,Francoise,Enderson,Female,,17,Ilandža,,Serbia
5341906152,Jarid,Geldert,Male,Tax Accountant,32,Gucun,,China
8727666662,Thomasa,Geelan,Female,Associate Professor,32,Kato Pyrgos,,Cyprus
2588669042,Bernard,Sturt,Male,GIS Technical Architect,75,Mehron,,Tajikistan
2102814521,Bette,Tremelling,Female,Senior Editor,39,Numata,,Japan
1078047979,Hank,Blowne,Male,Database Administrator II,25,Coayllo,,Peru
8449928362,Barny,Hann,Male,Engineer II,28,Caballococha,,Peru
8763583429,Katrina,Carnall,Female,,31,Miaoyu,,China
6988567917,Fabien,Pates,Male,VP Marketing,23,Waipukang,,Indonesia
4850011047,Flor,Sheasby,Female,Director of Sales,69,Camias,,Philippines
3505616710,Bone,Rounds,Male,Senior Cost Accountant,39,Dhī as Sufāl,,Yemen
6320683325,Cornie,Lassells,Female,Clinical Specialist,,Xinkai,,China
5606612682,Kathlin,Bending,Female,Nurse,28,Hengjing,,China
5057849301,Sadie,Hafner,Female,Physical Therapy Assistant,26,Argungu,,Nigeria
9012899931,Loren,Callard,Male,Nuclear Power Engineer,29,,Västra Götaland,Sweden
3342519622,Tymon,Blakemore,Male,Librarian,31,,California,United States
4084991309,Neal,Bointon,Male,Research Assistant IV,54,Luchegorsk,,Russia
1269854461,Ruprecht,O'Rafferty,Male,Software Engineer III,42,,,Russia
3483018468,Bethena,Yabsley,Female,Software Consultant,54,Tomiya,,Japan
9797644510,Twyla,Facey,Female,VP Marketing,32,Surat Thani,,Thailand
5275437552,Yvette,Emsden,Female,Media Manager II,57,Kakaek,,Indonesia
5185469919,Bernhard,Deeney,Male,Software Engineer I,32,Santo Domingo,,Philippines
8418386800,Odella,Ferrieres,Female,GIS Technical Architect,16,Enrile,,Philippines
7612108550,Lilyan,Gipps,Female,Accounting Assistant III,47,San Antonio Ilotenango,,Guatemala
5139521571,Silvio,Wildman,Male,Marketing Assistant,85,Licheng,,China
4215262526,Reinwald,Windas,Male,Structural Analysis Engineer,28,Ciguha Tengah,,Indonesia
7576780746,Cathlene,Blandamere,Female,,72,Sydney,New South Wales,
8759397098,Bernice,Southcomb,Female,,53,Vale de Vila,Viseu,Portugal
8807507935,Bell,Sutter,Female,Nurse Practicioner,21,Ilama,,Honduras
7263095173,Frederico,Sandeman,Male,Biostatistician III,91,Gigant,,Russia
4226864484,Jae,Huckin,Male,Assistant Professor,63,Changhao,,China
2791700684,Reinhold,Agass,Male,Editor,16,Tanggungrejo,,Indonesia
9329783317,Blair,Boc,Male,,41,Karlshamn,Blekinge,Sweden
0704005239,Danice,Brumby,Female,Automation Specialist I,47,Wróblew,,Poland
6168515232,Enriqueta,Kosel,Female,,22,‘Abasān al Kabīrah,,Palestinian Territory
8158193730,Lennard,Lutsch,Male,,32,Yazman,,Pakistan
6400722238,Bette-ann,Schutze,Female,Executive Secretary,,Tietê,,Brazil
9205341827,Augustus,Erskine,Male,VP Accounting,27,Tršić,,
4870812347,Pip,Devons,Male,Structural Engineer,35,Nangang,,China
9194193711,Lanni,Flipsen,Female,Web Developer IV,53,Mayakovski,,Armenia
5787683447,Hermann,Chason,Male,Health Coach II,32,Hidalgo,Chihuahua,Mexico
4784523839,Demetris,Arnke,Female,Analyst Programmer,58,,,Russia
6031300877,Fee,Wartonby,Male,Speech Pathologist,29,Nozdrzec,,Poland
4157349849,Everett,Aldie,Male,VP Accounting,32,Liuqu,,China
7434741201,Deonne,MacNamara,Female,,59,Myślenice,,Poland
1827665750,Rodolphe,Seleway,Male,Geological Engineer,38,Tucson,Arizona,United States
7708111986,De witt,Casford,Male,Health Coach I,29,Slovenske Konjice,,Slovenia
1211234029,Niels,Sherbrooke,Male,Legal Assistant,77,Enschede,Provincie Overijssel,Netherlands
8097179598,Moyra,Bambury,Female,Senior Developer,,Yajiwa,,Nigeria
0639921744,Emmett,Dain,Male,Software Consultant,32,Chuzhou,,China
9727546196,Lindsay,Chimes,Female,VP Sales,36,,,China
1828924024,Jocelyne,Bathersby,Female,Nurse,32,Nakhon Ratchasima,,Thailand
6535353346,Norine,Lghan,Female,Financial Advisor,32,Chisec,,Guatemala
4428445075,Gratia,Munt,Female,Payment Adjustment Coordinator,76,Murcia,Murcia,Spain
9984406423,Sawyere,Hourstan,Male,Office Assistant IV,32,,,Philippines
5991566429,Jeromy,Grandisson,Male,Developer I,62,Kangar,,Malaysia
0964646994,Jozef,Amoore,Male,Community Outreach Specialist,43,,Île-de-France,France
3552370773,Maximilianus,Laviss,Male,Operator,23,Jingling,,China
6516383715,Riva,Bride,Female,Tax Accountant,53,Tsarychanka,,Ukraine
6140088364,Edgardo,Duckwith,Male,Director of Sales,32,Nueva Fuerza,,Philippines
5583669829,Nerty,Tough,Female,Budget/Accounting Analyst I,83,,,South Africa
0328683736,Dominick,Heinlein,Male,Tax Accountant,31,Shanhou,,China
5405763055,Goddart,Grange,Male,Software Engineer II,38,Ushuaia,,Argentina
1701505762,Sigvard,Acreman,Male,Desktop Support Technician,26,Dishnā,,Egypt
8159829884,Baudoin,Heaven,Male,Marketing Assistant,32,Pital,,Colombia
0693583517,Shana,Bickerdike,Female,Health Coach IV,41,Qinlan,,China
4791291107,Maximilian,Lambdon,Male,Professor,66,Rio Claro,,Brazil
9236646166,Godwin,Welbeck,Male,Structural Engineer,20,Zhangdu,,China
5916112262,Tiebout,Fernley,Male,Software Engineer IV,32,Sarandë,,Albania
0887618839,Johannah,Romans,Female,Marketing Manager,32,Sumberkenanga,,Indonesia
4895438252,Worth,Guarnier,Male,Administrative Assistant IV,17,Grängesberg,Dalarna,Sweden
6295600107,Archambault,McBoyle,Male,Quality Control Specialist,88,,,Greece
3024132988,Jody,Spring,Male,Quality Engineer,32,Zhushan,,China
6049523606,Garrard,Stanyan,Male,Product Engineer,19,Foluo,,China
9613035680,Kelvin,Doleman,Male,Accountant III,16,Kibre Mengist,,Ethiopia
5948168581,Quintana,Healks,Female,Research Assistant IV,23,Shangdian,,China
4584324298,Alisa,Wreiford,Female,Office Assistant III,37,Unaí,,Brazil
7078459091,Ollie,Dunmore,Female,Pharmacist,16,Lyublino,,Russia
0408942002,Daphna,Trolley,Female,,44,Neundeut,,Indonesia
6973423647,Robby,Gash,Female,Health Coach II,75,Lubomierz,,Poland
7236414085,Kyrstin,Comi,Female,Operator,35,T’ianet’i,,Georgia
7650529657,Kylie,Keelinge,Male,Librarian,24,Bulgan,,Mongolia
7972214352,Chase,Bugdell,Male,Sales Associate,43,Idi Iroko,,Nigeria
8137744649,June,Heinrici,Female,Assistant Media Planner,32,,,Brazil
5940498396,Leupold,Samwell,Male,GIS Technical Architect,22,Ikar,,Indonesia
5984034107,Gavan,Weddeburn,Male,Research Nurse,32,,,Russia
8434819066,Ivett,Tissiman,Female,,51,,,Morocco
9449639108,Nonna,MacFayden,Female,Assistant Manager,25,Plalar,,Indonesia
0799199303,Torin,Chatelet,Male,VP Sales,23,Yueyang,,China
6927880216,Wade,Render,Male,Chief Design Engineer,42,Dalmatovo,,Russia
9750439783,Sallee,Rubenchik,Female,,40,Monte do Outeiro,Évora,Portugal
6030258516,Kristoforo,Blodg,Male,Budget/Accounting Analyst II,38,Buayan,,Philippines
8954437079,Sapphira,Summerley,Female,Systems Administrator III,30,Kashiwa,,Japan
3074687827,Pepito,Golds,Male,Research Nurse,41,Randu,,Indonesia
9927732236,Carmella,Ackroyd,Female,Financial Advisor,20,,,Ireland
8115621307,Brandi,Manginot,Female,VP Product Management,67,Biryulëvo,,Russia
5259758722,Fairleigh,Leavold,Male,Quality Engineer,32,Ijūin,,Japan
2120491208,Shelley,Donnett,Male,Senior Sales Associate,61,,British Columbia,Canada
7222375899,Tracie,Dayer,Female,,22,Zimmi,,Sierra Leone
9351160548,Katya,Balchen,Female,,81,Chư Sê,,Vietnam
3317818379,Fan,Sive,Female,Electrical Engineer,42,Lokosovo,,Russia
8040461774,Seline,Somerfield,Female,Recruiter,32,Agbani,,Nigeria
6276107034,Carey,Gillion,Male,Food Chemist,65,Valejas,Lisboa,Portugal
6571118114,Berkie,Rowes,Male,Design Engineer,55,Yataity del Norte,,Paraguay
1810996740,Costa,McAusland,Male,,46,Baikouquan,,China
0135919363,Korrie,Rysom,Female,,43,,,Czech Republic
9174785516,Goldia,Bythell,Female,Recruiter,45,,,Brazil
7368690977,Ely,Reiach,Male,Compensation Analyst,19,Detik Satu,,Indonesia
6587480047,Chantalle,Woodham,Female,,24,Pyhäjoki,,Finland
0220792380,Quillan,Kalkofer,Male,Chief Design Engineer,72,,,Norway
5725312534,Chandra,Foster,Female,Quality Control Specialist,37,Bhamo,,Myanmar
3227459787,Perren,Hadrill,Male,Programmer Analyst II,32,,,China
2524963063,Rebe,Plaice,Female,,26,Baoping,,China
4308245672,Callie,Belham,Female,Tax Accountant,32,Podsineye,,Russia
8765353501,Vania,Harbour,Female,GIS Technical Architect,47,Bi’r al ‘Abd,,Egypt
6336936171,Cristobal,Cakebread,Male,Librarian,32,Kiruna,,Sweden
5123384332,Edvard,Brookfield,Male,Staff Accountant III,25,Ibadan,,Nigeria
5765439977,Frants,Pooley,Male,Web Designer II,41,Dūāb,,Afghanistan
3553727543,Jerad,Grichukhanov,Male,Structural Engineer,67,Santa Rosa de Copán,,Honduras
3798802149,Janene,Burnett,Female,Database Administrator IV,33,Asembagus,,Indonesia
5594601686,Ashien,Coniff,Female,Electrical Engineer,60,,,China
3896640763,Jennica,Laudham,Female,Geological Engineer,18,Strasbourg,Alsace,France
4232392394,Alonso,Canepe,Male,Director of Sales,47,Knoxville,Tennessee,United States
2214915885,Rice,Peatheyjohns,Male,,32,Milanów,,Poland
9385734768,Inger,Normavell,Male,,96,Fenglin,,China
5412465315,Leanna,Jeannard,Female,Assistant Manager,24,,,Costa Rica
2655101863,Catharine,Gillow,Female,Senior Quality Engineer,,Nacka,Stockholm,Sweden
5449655053,Horatia,Vasic,Female,Computer Systems Analyst IV,35,Kelodan,,Indonesia
0621670227,Doralynne,Doveston,Female,Systems Administrator III,27,Kutasari,,Indonesia
7192202959,Denver,Deelay,Male,Sales Representative,68,,,China
1191394395,Fonzie,Jamson,Male,Chemical Engineer,45,Heshi,,China
3495266151,Pall,Warratt,Male,Payment Adjustment Coordinator,40,Mozirje,,Slovenia
1206070404,Lucian,Capponer,Male,Web Designer III,,Nizhnyaya Tura,,Russia
7033216041,Ara,Witherspoon,Female,Human Resources Assistant IV,32,Xiawuqi,,China
7057603665,Annette,Castelot,Female,Data Coordiator,36,Ponta Grossa,,Brazil
5393411731,Wilie,Ierland,Female,Tax Accountant,77,Pak Phanang,,Thailand
9352527704,Donella,Benthall,Female,Nurse Practicioner,40,Puerto Cisnes,,Chile
8076542804,Margie,Bigby,Female,Data Coordiator,36,Cikiwul Satu,,Indonesia
1616120231,Jeni,Lurner,Female,Quality Engineer,32,Chmielno,,Poland
9630796864,Kelly,Ablett,Female,Research Associate,19,Great Neck,New York,United States
8597109807,Kirsteni,Dollard,Female,General Manager,69,Kopidlno,,Czech Republic
4088067916,Paulo,Akast,Male,Nuclear Power Engineer,33,Zuwārah,,Libya
7869670642,Cassandry,Asher,Female,Marketing Manager,39,,,Finland
0688949037,Cory,Koppke,Male,Editor,32,Zhujiatai,,China
3086588071,Thom,Conradie,Male,Chemical Engineer,50,Karlovy Vary,,Czech Republic
2996550943,Allen,Stobart,Male,Electrical Engineer,16,Bangbayang,,Indonesia
3371884074,Dulcine,Lodeke,Female,Graphic Designer,32,Mokopane,,South Africa
2353073964,West,Kinkead,Male,Database Administrator III,69,Nancun,,China
7957466672,Templeton,Blakeden,Male,Professor,39,Jinhe,,China
5416644214,Donnell,Ordish,Male,Geological Engineer,32,,,Kazakhstan
6787183526,Rebe,Fareweather,Female,Senior Developer,39,Liushutun,,China
4237983056,Bondon,Haryngton,Male,Nuclear Power Engineer,16,,,Latvia
4874741703,Carmelita,Lillegard,Female,Staff Accountant III,,Eger,Heves,Hungary
0171516907,Gabbie,Liddiard,Female,Administrative Assistant III,51,General Levalle,,Argentina
5426410909,Dante,Cardoso,Male,Tax Accountant,30,Patimuan,,Indonesia
8865901918,Reece,Batrop,Male,Project Manager,32,Nizhniye Achaluki,,Russia
0122135261,Alix,Gaymar,Female,Budget/Accounting Analyst IV,33,Novoanninskiy,,Russia
4239842816,Cole,Aldine,Male,Account Coordinator,58,Hongwansi,,China
6699068857,Danette,Moylan,Female,Accountant IV,71,Bardīyah,,Libya
0459490079,Annnora,McJury,Female,Help Desk Operator,32,Perosinho,Porto,Portugal
9715542735,Lynde,Rolfo,Female,VP Product Management,44,,,China
3844776508,Doralynne,Nacey,Female,Compensation Analyst,59,Oroquieta,,Philippines
9446960606,Consuela,Meneghi,Female,Community Outreach Specialist,32,Tulung,,Indonesia
8617797568,Daron,Canadas,Female,Analog Circuit Design manager,91,Rialma,,Brazil
0890053448,Aundrea,Weins,Female,Research Nurse,,Tuscaloosa,Alabama,United States
0133476626,Godard,Bernhardsson,Male,Environmental Specialist,25,Ichupampa,,Peru
1879149125,Rica,Eldin,Female,Accounting Assistant II,32,,,China
1050340043,Celene,Romain,Female,Biostatistician I,46,Punta Hermosa,,Peru
4695769778,Kiley,Hannah,Female,Engineer II,,,Île-de-France,France
8217136602,Chiquita,Wrangle,Female,Quality Control Specialist,27,Ar Rudayyif,,Tunisia
9744559527,Major,Villar,Male,Budget/Accounting Analyst IV,75,Älvdalen,,Sweden
9046100766,Othello,Blemings,Male,Food Chemist,31,,,Ukraine
1032489456,Munmro,Coram,Male,Senior Sales Associate,60,Póvoa,Vila Real,Portugal
5162144835,Ronny,Buxy,Female,,49,,,China
8245650080,Caitlin,Trenam,Female,VP Quality Control,23,Delgermörön,,Mongolia
5313601709,Melicent,Gummie,Female,VP Product Management,37,,Centre,France
4642497382,Gaylord,Bonome,Male,General Manager,32,Lotoshino,,Russia
7478960626,Garwood,Dowdam,Male,,40,Marcovia,,Honduras
9315085620,Clare,Buncom,Male,Data Coordiator,32,,,China
0185683223,Jade,Cowoppe,Female,Web Designer II,52,,,Nigeria
5942288771,Walker,Arnefield,Male,Environmental Tech,32,Kokubu-matsuki,,Japan
0192602128,Dulcinea,Channing,Female,VP Quality Control,49,Ketanen,,Indonesia
1661844553,Yovonnda,Neylon,Female,Tax Accountant,40,George Hill,,Anguilla
3389627979,Renaldo,Dun,Male,Budget/Accounting Analyst II,18,El Cantón de San Pablo,,Colombia
8551844687,Durante,Snoding,Male,Financial Analyst,32,Tabalong,,Philippines
1819990400,Rina,Sails,Female,,51,Sever do Vouga,Aveiro,Portugal
6650786055,Gun,Koomar,Male,Budget/Accounting Analyst II,32,Fuan,,Indonesia
1124272801,Larisa,Bahde,Female,GIS Technical Architect,21,Datian,,China
7747601344,Domenic,Goody,Male,Account Representative I,32,,,Israel
8926208826,Creight,Keavy,Male,VP Sales,27,Fengdian,,China
6261549850,Sully,Dillaway,Male,Nurse,32,Dianshui,,China
2639563114,Dru,Dondon,Male,Analyst Programmer,16,Toroy,,Indonesia
3017425827,Even,Gadsdon,Male,Occupational Therapist,32,Nidri,,
8850344597,Annnora,Beardall,Female,,32,Majingklak,,Indonesia
4916001281,Idelle,Gudge,Female,Budget/Accounting Analyst I,60,Ondores,,Peru
9039243654,Puff,Curm,Male,VP Product Management,29,,,Colombia
3483226184,Agace,Di Giacomettino,Female,Budget/Accounting Analyst III,54,Fosca,,Colombia
8125263233,Abbie,Pagel,Male,Financial Advisor,32,Citalahab,,Indonesia
7818466029,Courtney,Myhan,Male,Legal Assistant,67,Patrocinio,,Philippines
4442412235,Carolyn,Norster,Female,Business Systems Development Analyst,27,,,Morocco
4068183031,Jolee,Marklew,Female,Financial Advisor,32,,Stockholm,Sweden
1171834403,Oswell,Grindley,Male,Senior Quality Engineer,24,,,Cuba
2736234979,Foster,Boame,Male,Senior Quality Engineer,39,,,Russia
4877069305,Dorey,de Merida,Female,Account Representative II,34,Dadoupu,,China
6008850947,Avigdor,Jenkin,Male,Quality Engineer,59,Léchovo,,Greece
0544050398,Tonnie,Challoner,Male,Staff Accountant III,33,Capelinha,,Brazil
4067913117,Inglebert,Lamy,Male,Editor,41,Sungaiduri,,
7335959853,Woodie,Brandenburg,Male,Research Nurse,48,Irasan,,Philippines
2572367564,Den,McGilvray,Male,VP Product Management,26,,,Niger
9731882685,Joan,Bearns,Female,Cost Accountant,31,Lizhuangzi,,China
3813980952,Carmon,Ouldcott,Female,Payment Adjustment Coordinator,32,Rybnaya Sloboda,,Russia
4424450848,Shelley,Etock,Female,Associate Professor,27,Ceibas,,Argentina
5923206862,Johnnie,Boffin,Male,Financial Advisor,32,Diré,,Mali
9184333464,Charlena,Bracknell,Female,Junior Executive,39,Itaguaí,,Brazil
8716969960,Lilas,Rooke,Female,Assistant Media Planner,32,Kostinbrod,,Bulgaria
9438154353,Shamus,Schoales,Male,Help Desk Technician,16,Huntington Beach,California,United States
2652102087,Stanislas,Cahen,Male,Paralegal,41,Vân Đình,,Vietnam
1619879190,Jory,Upwood,Male,Teacher,28,,Porto,Portugal
8081500596,Thain,McMullen,Male,Help Desk Technician,32,Furudate,,Japan
8225990412,Marissa,Wackly,Female,Budget/Accounting Analyst II,53,,,Ireland
4078862934,Kendal,Worcs,Male,Paralegal,34,Tyachiv,,Ukraine
9664841323,Arlinda,Lemmon,Female,,32,,,Colombia
1041898363,Glen,Gabbat,Male,Computer Systems Analyst II,58,Medzhibozh,,Ukraine
4084265209,Abby,Lackemann,Female,Business Systems Development Analyst,,,,Brazil
4209960101,Waverley,Macquire,Male,,32,,,Indonesia
0441142621,Consuela,Winspur,Female,Executive Secretary,32,Lyubotyn,,Ukraine
4361593485,Bren,Rabson,Female,Software Consultant,29,Portëz,,Albania
2914864183,Roi,Ashpital,Male,Sales Associate,62,Guarapari,,Brazil
3906169855,Kriste,Gunn,Female,Senior Editor,,Talisayan,,Philippines
2237961336,Stan,Siderfin,Male,Environmental Specialist,41,Siayan,,Philippines
5505489397,Petronille,Sworne,Female,Occupational Therapist,27,,,Indonesia
8833536645,Barbra,Inglesfield,Female,GIS Technical Architect,28,Waru Selatan,,Indonesia
1687109524,Antone,Gori,Male,,32,Atibaia,,Brazil
9516531628,Nadia,Ojeda,Female,GIS Technical Architect,43,,,Yemen
3423004207,Axel,Dearell,Male,Marketing Assistant,32,Arles,Provence-Alpes-Côte d'Azur,France
4750333263,Alica,Penniall,Female,Nuclear Power Engineer,32,Xijiang,,China
0077157273,Ezekiel,Lehrmann,Male,Registered Nurse,32,Xiaomiaozi,,China
3007982464,Theobald,Adaway,Male,Professor,32,,Portalegre,Portugal
8983278153,Patricia,Jeandot,Female,Software Test Engineer I,30,,,Albania
2810995087,Eleonore,Scrinage,Female,Software Consultant,32,Bantengan,,Indonesia
5237002838,Venus,Andresser,Female,VP Quality Control,35,Pingba,,China
4122517982,Quentin,Peacey,Male,Information Systems Manager,62,Magburaka,,Sierra Leone
4963448645,Jephthah,Bediss,Male,Administrative Officer,54,Ponyri Vtoryye,,Russia
0247142115,Cornelle,Cohalan,Female,Account Representative I,26,,,China
6120909389,Asher,Crilley,Male,Operator,46,Ad Dawḩah,,Palestinian Territory
3842425325,Eulalie,Esley,Female,,59,Catriló,,Argentina
7991812006,Selia,Leivers,Female,Senior Editor,53,Karasuyama,,Japan
8422059274,Rolando,Frigot,Male,Assistant Manager,32,Kristinehamn,Värmland,Sweden
8430232702,Andris,Skipping,Male,Geological Engineer,64,Twardogóra,,Poland
0596405308,Thorstein,Hayton,Male,Senior Editor,36,Palangan,,Indonesia
0307559823,Cyrill,Reams,Male,Sales Representative,82,Niedźwiada,,Poland
0464309484,Mordy,Chatenier,Male,Financial Analyst,75,Chone,,Ecuador
9349793946,Malorie,Chaters,Female,Database Administrator II,32,Hongjia,,China
4546379552,Ford,Abbets,Male,Compensation Analyst,28,Santa Fe de la Vera Cruz,,Argentina
5636685947,Josephina,Doers,Female,Financial Advisor,32,Enniskerry,,Ireland
9943994258,Adelind,Petts,Female,Dental Hygienist,66,,,Indonesia
3528503769,Brendin,Graffham,Male,Senior Quality Engineer,16,Fenshui,,China
6078402951,Dehlia,Bamfield,Female,Social Worker,51,,,Brazil
7435342440,Francois,Feuell,Male,Paralegal,27,Jihuluntu Sumu,,China
0208558403,Clerc,Sansum,Male,Director of Sales,32,Mindupok,,Philippines
0842841334,Dale,Cade,Male,,32,Apalit,,Philippines
0410089095,Filberto,Iddins,Male,Account Executive,62,,,Brazil
6342854645,Emmett,Cavey,Male,Information Systems Manager,,,,Serbia
1139083503,Jory,Bulpitt,Male,Senior Editor,24,,,Indonesia
4565180847,Kissee,Swinburn,Female,Director of Sales,53,Mitake,,Japan
0816580332,Selena,Guyver,Female,Account Representative IV,43,,,Croatia
5336412155,Betsy,Stitcher,Female,Office Assistant II,57,Sumberagung,,Indonesia
8819748053,Melisent,Ambrogi,Female,Food Chemist,49,Shiniu,,China
4219198490,Carrissa,Drinkall,Female,,44,Odeleite,Faro,Portugal
0170799174,Clary,Lamartine,Female,Geological Engineer,19,Karawatu,,Indonesia
4651688942,Cooper,Gubbins,Male,Clinical Specialist,32,Wufeng,,China
4885043549,Bayard,Magauran,Male,Account Executive,59,Muaratiga,,Indonesia
8385199861,Jolie,Pedrol,Female,Librarian,70,Jiebu,,China
4685514572,Rad,MacGuffie,Male,Financial Advisor,34,Pedreira,,Brazil
9399616371,Reube,Rois,Male,Nurse,70,Heyan,,China
8684379780,Alistair,Puller,Male,Food Chemist,32,Kandete,,Tanzania
2958305368,Ugo,Hanes,Male,Product Engineer,18,Khlong Hat,,Thailand
4508388663,Hedwiga,Ionnidis,Female,Financial Analyst,59,São Miguel,,Portugal
0835673464,Betteanne,MacRitchie,Female,Engineer IV,32,Avdzaga,,Mongolia
9886002980,Joanna,Burdess,Female,Staff Accountant III,19,Saltpond,,Ghana
5702468309,Ellene,Breit,Female,Health Coach III,32,Jangheung,,South Korea
9279784404,Timi,Gieraths,Female,Quality Control Specialist,65,Huoqiu Chengguanzhen,,China
0208686177,Adey,Figure,Female,Human Resources Manager,26,Gunungmenang,,Indonesia
0105096474,Giovanni,Stayte,Male,Human Resources Assistant IV,71,San José,,Costa Rica
5840249378,Emera,Renols,Female,Financial Analyst,26,Kajan,,Albania
5157387709,Dionne,Nadin,Female,Programmer Analyst III,37,Mafang,,China
5458805305,Baudoin,Kirke,Male,Recruiter,77,Sigiriya,,Sri Lanka
1953862306,Ashli,Campo,Female,Librarian,32,Obispos,,Venezuela
2572685930,Karla,Bedinham,Female,VP Sales,32,Samanco,,Peru
7076769646,Andre,Comolli,Male,Budget/Accounting Analyst IV,32,,,Poland
4132745759,Fairlie,Cosbee,Male,Nurse,16,,Ostfold,Norway
5661030614,Anselma,Timmes,Female,VP Marketing,51,Tumpakkepuh,,Indonesia
7110743969,Joshia,Chicchetto,Male,Research Nurse,56,,,Indonesia
4298661830,Wallas,Fewster,Male,Project Manager,28,Muladbucad,,Philippines
2890981940,Constance,Lowry,Female,Pharmacist,32,,,Vietnam
3198153891,Cassondra,Halfpenny,Female,Senior Quality Engineer,32,Polepy,,Czech Republic
6654538137,Noella,Clarke-Williams,Female,Accounting Assistant I,44,,,Philippines
6440328166,Karlotte,Welfair,Female,Environmental Tech,56,Lenešice,,Czech Republic
1442613211,Annice,Bernardelli,Female,Senior Financial Analyst,33,Wahang Dua,,Indonesia
6907687291,Janaye,Simacek,Female,Product Engineer,32,Los Pinos,,Mexico
8006572682,Jessamyn,Elvey,Female,Accounting Assistant IV,33,Xiaodukou,,China
0335895018,Godwin,Jzhakov,Male,Quality Control Specialist,32,,,China
5291130563,Cristobal,Edmeades,Male,Senior Editor,32,,,Russia
2823693904,Therese,Saunt,Female,Technical Writer,31,,,Argentina
9189994728,Tabbi,O'Hegertie,Female,Project Manager,48,,,Indonesia
8691554843,Nan,Geistbeck,Female,Graphic Designer,,,,Indonesia
7637841626,Nobie,Wildt,Male,Dental Hygienist,40,Quisao,,Philippines
3133478230,Raynard,Sharple,Male,Speech Pathologist,32,Capitán Bermúdez,,Argentina
5071426587,Ricca,Mulran,Female,Physical Therapy Assistant,52,,,China
3033910696,Osmund,Saterweyte,Male,Account Executive,43,Lokuuy,,Indonesia
8601582826,Mareah,Hayne,Female,Operator,45,Uddiawan,,Philippines
3808130482,Harriott,Crayker,Female,Chemical Engineer,49,,,China
1271737558,Guntar,Kibbey,Male,VP Sales,41,Changjiang,,China
5024512537,Judas,De Robertis,Male,Tax Accountant,93,Kushk,,Afghanistan
1228348995,Christiana,Jobb,Female,Environmental Specialist,52,Sundumbili,,South Africa
2581963603,Jodi,Piggford,Male,Community Outreach Specialist,32,,,China
7149829724,Mathian,Blundel,Male,Information Systems Manager,70,,,Indonesia
6005059386,Leshia,Tousy,Female,Chemical Engineer,55,Jasper Park Lodge,Alberta,Canada
8858212290,Tobe,Lavelle,Female,Chemical Engineer,71,Vishow,,Belarus
9454603019,Alex,Lowres,Male,Legal Assistant,52,,,Peru
7623951084,Maddi,Townby,Female,Recruiting Manager,42,Cortinhas,Viana do Castelo,Portugal
1139528602,Gasparo,Meininking,Male,Technical Writer,32,Mqabba,,Malta
9470687973,Raleigh,Romagosa,Male,Assistant Professor,49,Mīr Bachah Kōṯ,,Afghanistan
3901353054,Aguste,Lansdown,Male,VP Product Management,58,,,China
0377365114,Mathian,Kenrick,Male,Safety Technician II,50,,,Russia
9629140527,Isabeau,Rushbury,Female,Geological Engineer,60,Cheyenne,Wyoming,United States
4182356233,Tiphany,Marley,Female,Registered Nurse,37,Zhichu,,China
3721505700,Fernando,de Aguirre,Male,,,,,Greece
3661718800,Misha,Elvin,Female,Marketing Assistant,20,Ardirejo,,Indonesia
1470443724,Arden,Gregorace,Female,,18,Paris 18,Île-de-France,France
7899389089,Christina,Guard,Female,Physical Therapy Assistant,61,Genova,,Italy
0186436173,Elizabet,Bevens,Female,Physical Therapy Assistant,37,Liuhao,,China
3426800039,Reinaldos,Snape,Male,Senior Cost Accountant,30,Wabana,Newfoundland and Labrador,Canada
0263129918,Ellswerth,Sheryne,Male,VP Sales,45,Ponyri Vtoryye,,Russia
5213539300,Rennie,Prall,Female,Health Coach IV,53,,,Brazil
4003806158,George,Drinkwater,Male,Assistant Manager,58,Santa Cruz,,Philippines
5596303917,Man,Smart,Male,VP Product Management,,,,Indonesia
8944772975,Magda,McGenis,Female,Project Manager,32,Guixi,,China
0071948392,Anabal,Thing,Female,Environmental Specialist,27,,,China
9026386060,Rufus,Crotch,Male,Safety Technician II,42,Kíti,,Cyprus
1696305888,Cinnamon,Dockrell,Female,Food Chemist,39,Dujuuma,,Somalia
1924736659,Devy,Bumford,Male,Web Designer II,51,Árgos,,Greece
9937790085,Brianna,Scowen,Female,Marketing Manager,32,,,Japan
2610637721,Alberto,Clemenzo,Male,,94,Nambalan,,Philippines
8943703198,Terri,Tivnan,Female,VP Marketing,49,Bula,,Philippines
8147161522,Salvidor,Whiffin,Male,Payment Adjustment Coordinator,29,,,China
0138250324,Eugenio,Cropp,Male,Nuclear Power Engineer,39,Shangdian,,China
8962103028,Rennie,Dollen,Female,Nurse Practicioner,26,Aucallama,,Peru
8372070555,Darrell,Birkhead,Male,VP Sales,33,,,Iran
3288762250,Robenia,Nurny,Female,Software Engineer IV,17,Cipatujah,,Indonesia
3213362824,Lowrance,Huffer,Male,Programmer II,50,Langpas,,Philippines
3981931513,Read,Lutz,Male,Senior Cost Accountant,32,San Vicente de Moravia,,Costa Rica
0083680098,Ronnie,Jacobowicz,Male,Software Test Engineer IV,32,Luoting,,China
0285282808,Kori,Hastelow,Female,Staff Scientist,33,Souran,,Syria
6475071803,Nicol,Osmon,Male,Software Engineer II,32,Kainantu,,Papua New Guinea
3652428277,Dniren,Teulier,Female,Health Coach I,23,Bang Sao Thong,,Thailand
7215465705,Aldridge,Bradwell,Male,,32,Xuanhuadian,,China
6425022795,Reese,Cardenas,Male,Staff Accountant I,66,Boketu,,China
5387027089,Peyter,Rolf,Male,Tax Accountant,32,Clarin,,Philippines
0793950317,Rutledge,Gomar,Male,Social Worker,32,Pandan,,Philippines
1963806212,Sancho,Mulder,Male,Recruiting Manager,16,,Gävleborg,Sweden
4729022548,Estevan,Warcop,Male,Graphic Designer,56,,,Yemen
6113312623,Lothario,Diaper,Male,Account Coordinator,49,Chatou,,China
5513668653,Lynna,Burchatt,Female,Web Designer III,30,Somovo,,Russia
5491317659,Cointon,Flippelli,Male,Research Assistant IV,32,,,Japan
2932425005,Benny,Cordero,Male,Research Assistant IV,,Tha Wang Pha,,Thailand
7159220862,Anne-marie,McKennan,Female,Office Assistant III,32,Ulimonong,,Indonesia
6707104209,Conan,Carles,Male,Financial Advisor,,,,Poland
9015131538,Alaster,Morter,Male,Web Designer I,83,Saniwonorejo,,Indonesia
8557383398,Tera,Dineen,Female,Nurse Practicioner,32,,,Japan
6004258644,Veronique,Blurton,Female,VP Product Management,32,Drakino,,Russia
7916834510,Elvina,Pyer,Female,,16,Arţās,,Palestinian Territory
3138419763,Dietrich,Killoran,Male,Research Assistant II,31,Seabra,,Brazil
3870275065,Mickie,Gullam,Female,Marketing Manager,37,,,Indonesia
0646634194,Di,Pasfield,Female,,29,Drenova,,Croatia
3732250857,Wat,Diviney,Male,Technical Writer,32,Chōfugaoka,,Japan
8444399655,Link,Winckles,Male,Paralegal,32,,,Vietnam
3775906630,Orren,Easum,Male,Engineer I,42,,,China
1635670039,Toinette,Crutch,Female,Design Engineer,49,Molinos,,Argentina
0614826284,Sophia,Ferrettino,Female,General Manager,23,Baume-les-Dames,,France
6576509987,Walton,Sandcroft,Male,Nurse Practicioner,24,Wujian,,China
2893118186,Clarisse,Eddies,Female,Administrative Officer,46,Michałowo,,Poland
5427684921,Farlee,Corney,Male,Statistician II,58,Abuochiche,,Nigeria
4892735604,Hatti,Glencorse,Female,Financial Analyst,32,San Esteban,,Honduras
6206512673,Nicolais,Toghill,Male,Database Administrator I,22,Kalidung,,Indonesia
7194835851,Madeline,McPake,Female,Human Resources Assistant II,16,Myrnyy,,Ukraine
3090988917,Margaux,Barreau,Female,Quality Control Specialist,41,Leeuwarden,Provincie Friesland,Netherlands
7254446805,Noam,Millar,Male,Assistant Manager,32,Ural,,Russia
9968507334,Gasper,Batte,Male,Account Executive,26,,,China
2720678678,Conny,Basini-Gazzi,Male,Administrative Assistant I,61,Paseyan,,Indonesia
2607431840,Perla,Chaffer,Female,Food Chemist,62,Castleknock,,Ireland
7852209408,Torrin,Critten,Male,Web Designer IV,62,Mabini,,Philippines
3609372087,Ashlie,Paybody,Female,VP Quality Control,39,Regidor,,Colombia
8744346352,Fabio,Parkin,Male,Design Engineer,71,Benešov nad Černou,,Czech Republic
4297355221,Irwinn,Andress,Male,Information Systems Manager,68,Cairima,,China
9493979555,Sidonia,Pococke,Female,,32,Lysyanka,,Ukraine
5100849967,Kassi,Gumey,Female,Geologist II,34,,,Venezuela
4029463088,Georgeanna,Fealey,Female,Geological Engineer,43,Munggang,,Indonesia
9339473787,Clevey,Hubbins,Male,Software Test Engineer IV,32,Nová Cerekev,,Czech Republic
3368619985,Edd,Loker,Male,Actuary,32,Kushovë,,Albania
9579750661,Elvis,Hebblewhite,Male,Accountant IV,72,Loreto,,Philippines
1998431339,Demetris,Claypole,Male,Administrative Officer,56,Panxi,,China
7594037197,Suki,Raye,Female,Compensation Analyst,41,Piraju,,Brazil
6123529897,Fawne,Houson,Female,,19,Chợ Gạo,,Vietnam
7744320395,Archaimbaud,Garnall,Male,Health Coach II,43,Nungwi,,Tanzania
6982764494,Gerri,Paynter,Female,Executive Secretary,37,Giyon,,Ethiopia
5678703641,Silvain,Laurentin,Male,Account Coordinator,58,,,Colombia
7225015109,Leora,Proudler,Female,Account Executive,19,Cabungan,,Philippines
8281034335,Agata,Charlick,Female,Payment Adjustment Coordinator,41,Dakoutun,,China
0730354032,Beau,Clohissy,Male,Data Coordiator,48,Dapdapan,,Philippines
4306968596,Shanta,Cruxton,Female,Software Engineer III,32,Muyudian,,China
4058914068,Nester,Doneld,Male,Social Worker,32,Pocsi,,Peru
6415865838,Alberta,Cricket,Female,Environmental Tech,28,Zuocun,,China
7916324717,Yves,Brumham,Male,Information Systems Manager,23,Cullinan,,South Africa
4949752766,Kermit,Nizet,Male,Computer Systems Analyst III,66,Allada,,Benin
2380521166,Blondy,Vasiltsov,Female,Product Engineer,45,Nama,,Philippines
8023972669,Elianora,Kentish,Female,Budget/Accounting Analyst I,18,,,China
6231201066,Madlen,Sadat,Female,Structural Analysis Engineer,72,Guihing Proper,,Philippines
8573128658,Benedicta,Pursey,Female,Database Administrator I,26,Shuanghejiedao,,China
7863421403,Wilt,Dunbabin,Male,Sales Associate,45,Fulnek,,Czech Republic
4838176791,Lynnett,Titmus,Female,Software Engineer I,56,Timaru,,New Zealand
2974187609,Bernard,Collaton,Male,Staff Scientist,32,Bánica,,Dominican Republic
5610051010,Hartley,Gourley,Male,Geological Engineer,62,Yeni Suraxanı,,
4905057272,Page,Batchellor,Male,Clinical Specialist,32,Svojat,,Bosnia and Herzegovina
6232816986,Sharia,Mogra,Female,Budget/Accounting Analyst II,97,Naranjos,,Peru
4340581437,Nettle,Mullins,Female,Human Resources Assistant II,,Meaux,Île-de-France,France
7235859946,Shandee,Learoyde,Female,,32,,,China
5990829752,Jen,Harbor,Female,GIS Technical Architect,18,Nal’chik,,Russia
8785978345,Lilith,Reaman,Female,,32,,,Peru
5869761263,Easter,Brighouse,Female,Payment Adjustment Coordinator,,Verkhniy Yasenov,,Ukraine
9413058318,William,Duiguid,Male,Desktop Support Technician,26,,,Indonesia
4008912231,Christabel,Butts,Female,VP Marketing,44,Linköping,Östergötland,Sweden
2915263574,Andres,Mathevon,Male,Biostatistician II,41,Ma’ao,,China
4455040897,Duffie,Charrette,Male,Nuclear Power Engineer,,Huangzhai,,China
5966694362,Darren,Butting,Male,Staff Scientist,58,,,Czech Republic
0837103290,Bren,Bushen,Female,Registered Nurse,62,Saquarema,,Brazil
6176757096,Louie,McTerlagh,Male,,56,Ica,,Peru
4084269301,Giffer,Sime,Male,Administrative Assistant I,32,Caicun,,China
8002351444,Susette,Luxen,Female,Human Resources Manager,22,Shiye,,China
4321893399,Blakelee,Czajkowski,Female,Database Administrator I,32,,,Tanzania
1566107539,Cammie,Outibridge,Female,Cost Accountant,32,Aleksandrovka,,Ukraine
1915156068,Danny,Ferrieroi,Male,Chief Design Engineer,32,Rentung,,Indonesia
2988958386,Ardis,Clist,Female,Health Coach I,81,Kurye,,South Korea
5179154723,Sadye,Rout,Female,Legal Assistant,54,Reforma,Chihuahua,Mexico
6548186346,Justinn,Brimner,Female,Accountant I,41,Bluri,,Indonesia
5282209055,Constantia,Fermer,Female,Tax Accountant,26,La Cueva,,Bolivia
4755175143,Mella,Skin,Female,Senior Developer,32,Nongba,,China
6904452463,Storm,MacParland,Female,Clinical Specialist,96,Shouyan,,China
0794091970,Claudetta,Avraam,Female,Software Test Engineer I,19,Dondon,,Haiti
4046767006,Nelson,Czadla,Male,Help Desk Operator,,Iquipi,,Peru
8478365869,Bram,McFeate,Male,Research Assistant IV,57,,,China
9960284867,Annabell,Pearcy,Female,Editor,36,,,China
2831512336,Hildy,Pemberton,Female,Programmer Analyst III,43,,,Greece
7285298719,Clea,Hollow,Female,Librarian,18,Ţalkhā,,Egypt
2014740836,Angeline,Garrard,Female,Research Assistant III,31,Mayskiy,,Russia
5412849989,Marcela,Whitwham,Female,Financial Advisor,65,,,Brazil
5015006411,Pammy,Courtonne,Female,Actuary,32,Pelileo,,Ecuador
1068364033,Sherry,Blenkhorn,Female,Database Administrator II,32,,,Ukraine
2371108669,Vikky,Gaitone,Female,Editor,32,Spuž,,Montenegro
9609694896,Winnifred,Torrijos,Female,,28,,,
0068480326,Verina,Sarfas,Female,VP Sales,19,,,Philippines
1854034928,Rafael,Bolding,Male,Computer Systems Analyst I,31,,Pays de la Loire,France
7005873130,Melli,Keppie,Female,Electrical Engineer,29,Qitao,,China
2062855710,Amble,Quinsee,Male,,55,,,China
9566419716,Bridgette,Curness,Female,Pharmacist,32,Betio Village,,Kiribati
5862509933,Uriah,Marcham,Male,Web Developer III,50,Aurora,,Philippines
6450809124,Anjela,Frift,Female,Assistant Professor,32,Sumberagung,,Indonesia
3628107644,Jacinta,Witter,Female,Sales Associate,40,Zhongcun,,China
1882673883,Teodoor,Battell,Male,Programmer Analyst I,29,Barice,,Bosnia and Herzegovina
0815326580,Turner,Skill,Male,Assistant Professor,37,Shuishi,,China
2283861268,Kerk,Farnaby,Male,Editor,32,Venëv,,Russia
6215228257,Freida,Pauleau,Female,Senior Sales Associate,40,,,China
2091640484,Mollee,Wordley,Female,Database Administrator II,60,Mulleriyawa,,Sri Lanka
8909469285,Mathias,Neylon,Male,VP Product Management,47,Tostado,,Argentina
9318087527,Mikael,Gellately,Male,Occupational Therapist,32,,,Philippines
3405039274,Benni,Meads,Female,Geologist I,57,Tegalrejo,,Indonesia
0598883630,James,Blaycock,Male,Accounting Assistant I,19,Mérignac,Aquitaine,France
5361159735,Husain,Ramble,Male,Associate Professor,58,,,Brazil
2573776387,James,Suggett,Male,Assistant Media Planner,32,Huaping,,China
2923855752,Andris,O'Henecan,Male,Sales Representative,,Pag,,Croatia
0799264954,Almire,Spavins,Female,Health Coach II,27,Huoche Xizhan,,China
3016698765,Christoper,Guymer,Male,Software Consultant,40,,,Argentina
2134274670,Charley,Taylorson,Male,Safety Technician I,75,Yeshan,,China
3995900666,Merl,Leakner,Female,Software Consultant,59,Biao,,Philippines
0124415423,Lefty,Maruska,Male,Data Coordiator,26,Orahovica Donja,,Bosnia and Herzegovina
3979507467,Sybille,Giles,Female,Financial Advisor,32,Luzhuangzi,,China
0375502939,Bar,Siddaley,Male,Director of Sales,32,Biga,,Philippines
1416029206,Helge,Grouer,Female,Teacher,29,Xinquan,,China
3971268498,Alisa,Minchenton,Female,Mechanical Systems Engineer,61,,,China
0008774714,Viki,Bullent,Female,VP Product Management,35,Zheleznogorsk,,Russia
2318455147,Brenden,Harmond,Male,Project Manager,16,,,Nigeria
0059443448,Chaddy,Keward,Male,Director of Sales,43,Jundiaí,,
5299059930,Neale,De Paoli,Male,Chief Design Engineer,39,Abraham’s Bay,,Bahamas
7216637860,Elyse,Farmer,Female,Executive Secretary,32,Lyubimets,,Bulgaria
4809122379,Lovell,Nasey,Male,Help Desk Technician,32,,,China
7821689505,Keith,Casbon,Male,Civil Engineer,,El Paisnal,,El Salvador
8726993597,Dare,Kaveney,Male,Staff Accountant II,49,,Ontario,Canada
5975425905,Gabie,Mattityahou,Female,Nurse Practicioner,39,,,China
8535890092,Erskine,Cardall,Male,Paralegal,34,Kalinovskoye,,Russia
2227705787,Marwin,Pudge,Male,Social Worker,32,Saint-Quentin,Picardie,France
8173009473,Tucky,Abramamov,Male,,50,Bogatynia,,Poland
3181039780,Talya,Schooley,Female,Business Systems Development Analyst,65,Yutou,,China
8259605236,Sarah,Whitnell,Female,Account Representative I,56,Волочаевское,,Russia
9751773725,Weston,Winnett,Male,Structural Analysis Engineer,52,,,Thailand
2271922585,Neil,Bartolomeu,Male,,32,,,China
6122669725,Kalila,Babidge,Female,Senior Cost Accountant,32,,,Peru
9544311386,Agnese,de Glanville,Female,Senior Financial Analyst,32,Louredo,Aveiro,Portugal
5722128821,Dayna,Jills,Female,,42,Gunungjulang,,Indonesia
1776892887,Teddy,Malt,Male,Programmer Analyst II,58,,Pennsylvania,United States
5793534709,Rabi,Bruford,Male,VP Quality Control,32,Sigou,,China
9194244596,Bronny,O'Mannion,Male,Librarian,29,Shanghu,,China
8521025718,Clayson,Roydon,Male,,32,,,Indonesia
0818716282,Vania,Hebbs,Female,Professor,57,Sherwood Park,Alberta,Canada
4304842188,Earl,Shorrock,Male,,35,Rasskazovo,,Russia
0674883330,Thatcher,Fosdike,Male,Civil Engineer,34,Nyakhachava,,Belarus
8558643199,Giustino,Barkus,Male,Human Resources Assistant III,23,North Cowichan,British Columbia,Canada
9974000092,Yorgo,Chivrall,Male,,57,Labansari,,Indonesia
6296120028,Marci,Beckford,Female,,17,Az Zarqā,,Egypt
7977467178,Ethelind,Spinola,Female,Biostatistician II,,Jianxin,,China
5359656980,Tris,McKeeman,Male,Staff Accountant IV,29,,,Chile
7270503028,Gavin,Choake,Male,Financial Analyst,51,,Braga,Portugal
9445887786,Tobit,Lorait,Male,Accounting Assistant IV,27,Madaoua,,Niger
7264613747,Ilyssa,Galley,Female,Software Consultant,32,,,China
2982958511,Sandor,Andreev,Male,VP Marketing,28,Kuragaki-kosugi,,Japan
1230184988,Marga,Walthew,Female,Senior Developer,32,Patao,,Philippines
8649992269,Margaret,Hales,Female,Developer III,32,,,Russia
6867188532,Josi,Lamy,Female,,20,Currais,Porto,Portugal
0200451146,Amalle,Tunesi,Female,Recruiting Manager,53,Huanglong,,China
1546946071,Marius,Davidovic,Male,Financial Advisor,28,Portela,Viana do Castelo,Portugal
1449168639,Pietro,Bartolomeu,Male,Help Desk Technician,32,Mingyuedian,,China
0512671192,Vivienne,Coyish,Female,Legal Assistant,32,Pingding,,China
6277655876,Vinny,Hendricks,Male,,32,,,China
8087957466,Bennett,Seaton,Male,Geological Engineer,27,Rzhavki,,Russia
5595507381,Chick,Santo,Male,Analyst Programmer,21,Collingwood,Ontario,Canada
8030731477,Clare,Wackly,Male,Office Assistant II,43,Bragança,,Brazil
7972463565,Eleanor,Casoni,Female,Analyst Programmer,16,Si Thep,,Thailand
8039312957,Lenora,Bazely,Female,Social Worker,32,Iba,,Philippines
9081102648,Lavina,Broodes,Female,Recruiter,90,Châu Thành,,Vietnam
5953220510,Noll,Poynzer,Male,Account Executive,82,Shangxian,,China
8044977082,Amandi,Greenwood,Female,Analyst Programmer,32,Stony Plain,Alberta,Canada
5607299988,Gillie,Puttick,Female,Analyst Programmer,,Guanban,,China
4669461141,Charlot,Ackenhead,Female,Safety Technician I,32,Shuanggang,,China
2400025509,Rusty,Gillice,Male,Environmental Specialist,20,Nicasio,,Peru
1844793737,Helli,Itzcovich,Female,Help Desk Technician,32,Fubin,,China
1777825148,Jonell,Blondel,Female,Accounting Assistant IV,32,Patos de Minas,,Brazil
9555325448,Minetta,Dand,Female,Staff Accountant I,16,,,China
2599879973,Charmain,Piletic,Female,Assistant Media Planner,31,Houston,,United States
4741198278,Sarena,Ohms,Female,Mechanical Systems Engineer,42,Mengdong,,China
8182915260,Susi,Drain,Female,Statistician II,27,Aliuroba,,Indonesia
4324196443,Livy,Hawkswood,Female,Marketing Assistant,28,,,Russia
2135794147,Tonia,Dederick,Female,Quality Engineer,28,Tenjolaya,,Indonesia
1559064870,Kris,Stanex,Male,,20,Jinta,,China
4516464365,Barney,Fold,Male,,46,Yelizavetinskaya,,Russia
6792789453,Kile,Barthelet,Male,VP Quality Control,32,Panyingkiran,,Indonesia
8392013778,Roxi,McBain,Female,Recruiting Manager,38,Tosu,,Japan
2529934185,Romain,Easterbrook,Male,Product Engineer,33,Zaragoza,Coahuila De Zaragoza,Mexico
7566477064,Heddie,Gyenes,Female,Health Coach III,32,Kemiri,,Indonesia
1169788246,Creigh,McDermot,Male,Staff Scientist,66,Trảng Bàng,,Vietnam
5411176638,Royall,Sidebottom,Male,Pharmacist,57,Shuihu,,China
8711335769,Gayleen,Harrismith,Female,Senior Developer,46,Agbani,,Nigeria
5905338655,Tommie,Endecott,Male,Senior Sales Associate,45,Singapore,,Singapore
0380014076,Renell,Lemasney,Female,Health Coach III,32,Pohonsirih,,Indonesia
4082404961,Lorens,Hartlebury,Male,Human Resources Manager,34,Wodzisław Śląski,,Poland
9148733342,Kerr,Bullin,Male,Research Associate,32,Weihe,,China
5244366637,Enrico,Ingall,Male,Business Systems Development Analyst,32,Huangkeng,,China
1468353543,Blanca,Oldaker,Female,Marketing Manager,21,Trzebiatów,,Poland
6471056982,Heriberto,Smitherham,Male,Health Coach II,64,Obukhiv,,Ukraine
1185166874,Nevsa,Camerana,Female,Civil Engineer,45,,,China
9190858786,Lock,Abbots,Male,Analog Circuit Design manager,65,Bęczarka,,Poland
3143557524,Gauthier,Drewell,Male,Editor,32,Zall-Dardhë,,Albania
5185019336,Thorstein,Cazalet,Male,Nurse Practicioner,,Leubatang,,Indonesia
7182898640,Vinson,Igo,Male,Financial Analyst,56,Raškovice,,Czech Republic
9599712404,Sadella,Colafate,Female,Budget/Accounting Analyst I,42,Oslo,Oslo,Norway
6216107534,Malorie,Budgett,Female,Chemical Engineer,32,Llaillay,,Chile
8469065971,Horacio,Westhofer,Male,Legal Assistant,,Rushanzhai,,China
0227717333,Deeann,Tester,Female,,16,Norakert,,Armenia
3401130765,Carlotta,Scurrell,Female,Geological Engineer,32,Barra do Garças,,Brazil
5548389483,Katharina,Micco,Female,Product Engineer,,Thorpe,England,United Kingdom
2557088706,Geri,Slaght,Male,Assistant Media Planner,64,Vila do Maio,,Cape Verde
5695392276,Dru,Addington,Female,Geological Engineer,27,Yessentukskaya,,Russia
3856966617,Gayelord,Portress,Male,,36,Tafí del Valle,,Argentina
2690623595,Mavra,Lympany,Female,Marketing Assistant,58,Toritama,,Brazil
0889886121,Maryjo,Melior,Female,Programmer Analyst II,27,Sanshandao,,China
7166318090,Becka,Wandrey,Female,Statistician III,16,,,Russia
0979364388,Ulick,Clendinning,Male,Senior Cost Accountant,60,Lianxia,,China
5043464801,Christy,McVeigh,Female,Internal Auditor,30,,,Nigeria
9136476706,Reina,Mangin,Female,Geological Engineer,32,Gogosuket,,Indonesia
7778921111,Cleo,Shouler,Female,Professor,28,Santa Rosa,,Brazil
7603466237,Francesco,Brognot,Male,VP Product Management,,,,Turkmenistan
7410916346,Ruthi,McHugh,Female,Business Systems Development Analyst,45,Motupe,,Peru
5337910299,Marris,Pickthorn,Female,Structural Engineer,43,Jinhui,,China
3710414199,Sal,McKinstry,Female,Project Manager,46,Gagarin,,Armenia
5124978945,Haydon,Arnaudi,Male,Marketing Assistant,,Rochester,Minnesota,United States
6827446174,Lindon,Onslow,Male,Research Nurse,41,Nowy Staw,,Poland
4747843507,Dolly,Dentith,Female,Sales Associate,44,Songnim,,North Korea
0417939043,Davie,Dyet,Male,Technical Writer,16,Johanneshov,Stockholm,Sweden
1540325628,Beniamino,Cardozo,Male,Software Consultant,74,Manzherok,,Russia
0023502096,Paulina,Buckerfield,Female,VP Accounting,32,Faya-Largeau,,Chad
5577931096,Rosemaria,Leivesley,Female,,48,,,France
0318672545,Tyson,Swapp,Male,VP Marketing,32,Logan Lake,British Columbia,Canada
4272133853,Gisella,Engeham,Female,Database Administrator I,,,,Honduras
8852640398,Hillary,Mixhel,Female,Staff Accountant I,32,Hūn,,Libya
6903766294,Dylan,Leese,Male,,40,Hadakewa,,Indonesia
8636062713,Dahlia,Ivashkov,Female,Technical Writer,43,Huashan,,China
1077824246,Ulric,Lurner,Male,Accountant II,48,Van Nuys,California,United States
8694955466,Shannon,Pymm,Female,VP Sales,78,,Berlin,Germany
0975435744,Janette,Tembey,Female,Software Consultant,51,,,Indonesia
2353970931,Nealson,Drogan,Male,,37,,,Brazil
9835526613,Bertram,Buessen,Male,Desktop Support Technician,37,Iperó,,Brazil
2858384401,Gannie,Bunny,Male,Dental Hygienist,24,Mityana,,Uganda
5695741920,Regina,Kennsley,Female,Sales Associate,28,Huacheng,,China
9011247795,Maureene,Kilford,Female,Developer II,57,Viejo Daan Banua,,Philippines
9568950230,Anjela,Curgenuer,Female,Product Engineer,85,Leixlip,,Ireland
4669568973,Felic,Fetherston,Male,Clinical Specialist,17,Toulon,Provence-Alpes-Côte d'Azur,France
5390632400,Albertina,Wickling,Female,Safety Technician IV,32,Konyshevka,,Russia
9345639535,Garth,Eschalette,Male,Technical Writer,32,Tagdanua,,Philippines
4335084773,Celeste,Ilyasov,Female,Operator,55,Modderfontein,,South Africa
0057767548,Sheridan,Dillinger,Male,,17,,,Philippines
8111371144,Donn,Grindell,Male,VP Product Management,34,Gnieżdżewo,,Poland
5414428654,Ernest,Soigoux,Male,General Manager,32,Sepanjang,,Indonesia
7131201332,Cristie,Critchlow,Female,Nurse,20,Idi Rayeuk,,Indonesia
3035495459,Annamaria,Skeen,Female,General Manager,54,Nara,,Mali
9376560167,Celene,Conkie,Female,,53,,,Indonesia
1251726100,Boigie,Tyndall,Male,Senior Financial Analyst,34,Quận Tân Phú,,Vietnam
9831151291,Maryl,Cartan,Female,Graphic Designer,32,Pathum Rat,,Thailand
3946788750,Geralda,Snarr,Female,Actuary,45,,,China
7685935430,Zaria,Viegas,Female,Senior Financial Analyst,38,Asemanis,,Indonesia
6017868578,Victoria,Siveyer,Female,Marketing Assistant,48,,Ontario,Canada
9766749892,Madelina,Fearon,Female,Structural Analysis Engineer,34,Maych’ew,,Ethiopia
1836407378,Wald,Minkin,Male,,41,Gunungtua,,Indonesia
7016748901,Sasha,Vezey,Female,Business Systems Development Analyst,30,Lebedyn,,Ukraine
0462143074,Ansel,Cavanaugh,Male,Account Executive,18,Kuaro,,Indonesia
9433233123,Kristofor,Hauxwell,Male,Accountant I,32,København,Region Hovedstaden,Denmark
5638441743,Steven,Tudhope,Male,Civil Engineer,45,Sauce,,Uruguay
3445769222,Kala,Ikins,Female,Web Developer IV,32,San Rafael,,Philippines
1342037677,Morton,Manicomb,Male,Database Administrator IV,36,,,China
9328870607,Paola,Skocroft,Female,Recruiting Manager,30,Otaniemi,,Finland
6867458297,Rufus,Cheson,Male,Associate Professor,71,Skomielna Czarna,,Poland
0464168163,Consolata,Scanlin,Female,Senior Financial Analyst,38,Nagpandayan,,Philippines
1617595144,Kermie,Alam,Male,Senior Financial Analyst,27,Nangger,,Indonesia
4626532896,Dre,Shenton,Female,Tax Accountant,27,Budzów,,Poland
5402173281,Clyve,McCaghan,Male,Biostatistician IV,45,Lidköping,,Sweden
9254155683,Marti,Jessen,Female,Nurse,32,,,Indonesia
2583420860,Scotty,Whiterod,Male,Product Engineer,79,Letovice,,Czech Republic
1719860742,Susanne,Ambrogini,Female,Software Consultant,59,Weepangali,,Indonesia
7233040907,Melloney,Trinke,Female,Software Engineer IV,21,Bandeirantes,,Brazil
6645915055,Flem,Fawlkes,Male,Graphic Designer,26,Åhus,Skåne,Sweden
7136680565,Henry,Rainbird,Male,Environmental Specialist,,Siverskiy,,Russia
9879545842,Timothee,Tomasian,Male,Clinical Specialist,51,Tužno,,Croatia
5468121514,Ely,Cleminson,Male,Social Worker,32,Lolayan,,Indonesia
6422223226,Scotti,Shemwell,Male,Accounting Assistant IV,32,Eisen,,South Korea
9576277329,Farand,Sheringham,Female,,38,Peoria,Arizona,United States
2708796577,Nicko,Dahler,Male,Quality Control Specialist,46,Kinzan,,South Korea
1932850244,Claudius,Moro,Male,Tax Accountant,63,,,Croatia
3496771119,Edgardo,Ormshaw,Male,Environmental Tech,65,Lampa,,Chile
1157660541,Alica,Ivanilov,Female,Staff Scientist,23,,Lisboa,Portugal
9403996064,Tiler,Jerger,Male,Software Consultant,25,,,Honduras
3244666485,Afton,Joire,Female,Environmental Tech,32,,Île-de-France,France
5053518920,Wolfie,Wroth,Male,Data Coordiator,,,,Philippines
2112444115,Wilfrid,Wallington,Male,Technical Writer,51,Gaogongdao,,China
9285973027,Garrek,Coushe,Male,Teacher,16,eSikhawini,,South Africa
4400472663,Daffi,Resdale,Female,Programmer I,32,Kaduna,,Nigeria
5616816795,Jody,Rappaport,Female,Research Assistant IV,36,Rogoza,,Slovenia
5417789380,Savina,Sheldon,Female,VP Product Management,47,Ar Rujum,,Yemen
5177128814,Mortimer,Bickley,Male,Community Outreach Specialist,32,,Porto,Portugal
2255900033,Rosco,Wellstead,Male,Sales Associate,18,Virojoki,,Finland
8159256450,Giordano,Ethersey,Male,Environmental Specialist,32,Zili,,China
4697490509,Flynn,Zimmermanns,Male,Geological Engineer,22,,,China
1168952360,Clyve,Belle,Male,VP Product Management,35,Hexiangqiao,,China
8176633135,Tilda,Carthy,Female,Cost Accountant,32,,,China
3658746106,Ginelle,Benley,Female,Programmer Analyst II,38,Duczki,,Poland
0015128261,Lyle,Mathissen,Male,Sales Associate,32,Shijiazhuang,,China
2589610807,Esmaria,Chezelle,Female,Design Engineer,26,Nové Sedlo,,Czech Republic
8772514183,Rozella,Bridgewater,Female,Recruiter,28,Monguno,,Nigeria
4008586245,Giulia,Osmant,Female,Marketing Assistant,32,Omuthiya,,Namibia
6568418676,Leigh,Panton,Male,Recruiting Manager,56,Huaguo,,China
4780661331,Joletta,Bransgrove,Female,Nurse Practicioner,48,Kristiansand S,Vest-Agder,Norway
6490628139,Madelon,Fairburn,Female,VP Accounting,32,Pagelaran,,Indonesia
3628402638,Fran,Marsters,Female,Tax Accountant,27,Fuyang,,China
3954652129,Arne,Avard,Male,VP Accounting,33,Batasan,,Philippines
5475795258,Binky,Manjin,Male,Research Nurse,32,Sendangagung,,Indonesia
5864230553,Cameron,Richardes,Male,Help Desk Operator,17,,British Columbia,Canada
1375205668,Victoria,Gever,Female,Media Manager II,,Rozhnyativ,,Ukraine
2877920348,Don,Flude,Male,Teacher,28,Kanḏay,,Afghanistan
5467587404,Thornie,De Ambrosi,Male,Software Consultant,20,,,Australia
5041508461,Guillema,Edgars,Female,,23,Orléans,Centre,France
6184759620,Teodor,Kirton,Male,Associate Professor,87,,,Poland
3958530516,Roseanne,Corbet,Female,Junior Executive,18,Chernomorets,,Bulgaria
0322640652,Bev,Conws,Male,Health Coach I,17,Cipadung Timur,,Indonesia
1589046188,Berty,Vedenyakin,Male,Associate Professor,47,Dasol,,Philippines
8357902782,Clementius,Atkyns,Male,Geologist II,20,Beroroha,,Madagascar
2858659850,Bonny,Balderstone,Female,Occupational Therapist,66,,,Zambia
7707421736,Nina,Bowkett,Female,Nurse Practicioner,47,Yuwan,,China
5995690566,Gertrud,Streatfield,Female,Senior Financial Analyst,49,Zhongxing,,China
7565346403,Basilius,Adam,Male,Civil Engineer,40,Guadalupe,Oaxaca,Mexico
5254385057,Maressa,Tindley,Female,Dental Hygienist,24,,,Serbia
2606189736,Lizzy,Goldhawk,Female,Nurse,50,Värnamo,Jönköping,Sweden
2444754565,Ernestus,Barber,Male,Software Engineer III,52,Nīkêh,,Afghanistan
9532921362,Brew,MacAne,Male,Geological Engineer,30,Nyköping,,Sweden
2088839496,Valerie,Wadforth,Female,Pharmacist,32,Banjar Dukuh,,Indonesia
8781888848,Philippe,Mathissen,Female,Food Chemist,32,Velyka Mykhaylivka,,Ukraine
7312570216,Jeanie,Crosdill,Female,VP Product Management,34,Martapura,,Indonesia
9731484515,Justinn,Bellord,Female,VP Accounting,37,Horní Cerekev,,Czech Republic
0530809753,Nealon,Iddenden,Male,Compensation Analyst,65,Novokubansk,,Russia
9125854585,Iggie,Cordle,Male,VP Sales,24,Taounza,,Morocco
8921410139,Uriel,Trowler,Male,Occupational Therapist,23,Kembangarum,,Indonesia
0078239699,Gustav,Dalzell,Male,Senior Editor,31,Bun Barat,,Indonesia
7309243714,Seka,Ladley,Female,Analog Circuit Design manager,34,Belozërsk,,Russia
8498127963,Fernandina,Hunstone,Female,Registered Nurse,47,Battle Creek,,United States
5441367008,Rhodie,Reason,Female,Recruiter,32,Węgliniec,,Poland
2330762100,Gwendolyn,Studde,Female,Environmental Specialist,32,Semenivka,,Ukraine
7945306977,Lucretia,Geroldini,Female,Junior Executive,32,Bang Rakam,,Thailand
0377449822,Corabella,Velde,Female,Sales Representative,34,Tsukumiura,,Japan
9956748722,Monro,Searsby,Male,Assistant Media Planner,39,Dallas,Texas,United States
5047982203,Josh,Dew,Male,Structural Engineer,32,Luknovo,,Russia
1963477022,Danyette,Stych,Female,Senior Sales Associate,32,Hukou,,China
0642239762,Bibbie,Fennessy,Female,Clinical Specialist,40,Bacolod,,Philippines
5599885887,Bridget,Dornan,Female,Media Manager IV,,,,Iran
6648639318,Lin,McLagan,Male,Staff Accountant III,49,Zafarwāl,,Pakistan
6918617397,Marten,Alpe,Male,Web Designer III,32,,,Poland
0230281907,Harriot,Sorro,Female,Environmental Specialist,48,Lidingö,Stockholm,Sweden
9000105129,Donn,Fishpool,Male,,32,Taipingchuan,,China
8223796058,Sky,Simonnot,Male,Executive Secretary,29,Granada,,Nicaragua
3859750976,Eleanor,Holby,Female,Environmental Specialist,32,Cerava,,Albania
7091485106,Cortie,Melody,Male,Account Coordinator,32,Camachile,,Philippines
0198010079,Lenci,Dabney,Male,Assistant Professor,32,Nempel,,Indonesia
8767127223,Marys,Devonald,Female,,34,Şānūr,,Palestinian Territory
0895583887,Al,Curbishley,Male,,33,,Pays de la Loire,France
9432039366,Cammy,Teesdale,Female,Business Systems Development Analyst,45,Potrerillos,,Honduras
7958092725,Bevvy,Humbee,Female,Administrative Officer,23,Maputsoe,,Lesotho
0638970644,Cissy,Rolls,Female,Nurse Practicioner,33,Salwá,,Kuwait
3551751773,Lynnette,Almon,Female,Financial Advisor,52,Dístomo,,Greece
1014247330,Abigale,Sleit,Female,Help Desk Operator,17,Shibajiazi,,China
9409063647,Jehu,Cunniam,Male,,69,Banraeaba Village,,Kiribati
3053182718,Travus,Roddie,Male,Sales Representative,84,Philadelphia,Pennsylvania,United States
4631959576,Steffie,McFaul,Female,Senior Cost Accountant,,Moulay Bouchta,,Morocco
3790302384,Buffy,Patry,Female,Speech Pathologist,33,Yongning,,China
6192432260,Giacomo,Calfe,Male,Environmental Tech,47,Myrnyy,,Ukraine
0054612179,Danika,Whieldon,Female,Staff Scientist,32,,,China
5994443913,Dorothea,Kimmins,Female,Marketing Manager,46,Zblewo,,Poland
8111473214,Charline,Kemble,Female,Senior Editor,,Solnechnyy,,Russia
4591217248,Tessy,Gleaves,Female,Account Representative II,41,Caluire-et-Cuire,Rhône-Alpes,France
9325948958,Sauveur,Laste,Male,Business Systems Development Analyst,28,,,Argentina
4723702059,Jordan,Chadney,Female,VP Product Management,32,Kuala Baru,,Indonesia
7072906185,Marj,Tredgold,Female,Tax Accountant,75,Zábřeh,,Czech Republic
0398973040,Heidie,Fillimore,Female,Pharmacist,55,Hronov,,Czech Republic
1525885650,Evin,Esposita,Male,Software Engineer III,20,Tengah,,Indonesia
3748492723,Guntar,Gasnoll,Male,Recruiter,,Saint-Denis,Réunion,Reunion
7609060798,Wells,Matelyunas,Male,Biostatistician II,49,,,Cuba
3751700765,Filippa,Duncanson,Female,Web Designer II,32,,,Myanmar
7073881089,Doralin,Schoroder,Female,Staff Scientist,33,,Bragança,Portugal
7808021830,Gustav,Maymand,Male,Tax Accountant,27,,,Indonesia
3292496217,Marlane,Dedon,Female,Librarian,32,,,Finland
7385593909,Terrell,Gyurko,Male,Safety Technician II,19,Canggang,,China
8749721038,Maddi,Nutley,Female,Editor,29,Lazaro Cardenas,Tamaulipas,Mexico
6933684679,Gardner,Ratnage,Male,Geological Engineer,42,Chedao,,China
1204902992,Millard,Cary,Male,Human Resources Assistant II,,Naawan,,Philippines
0057078343,Cornelius,MacTrusty,Male,,73,Cergy-Pontoise,Île-de-France,France
4308623588,Levin,Trenaman,Male,Senior Developer,34,Châlons-en-Champagne,Champagne-Ardenne,France
0116929103,Carmel,Sarle,Female,Health Coach I,25,Bárrio,Braga,Portugal
6776978824,Lyda,Dovydenas,Female,Media Manager III,64,Zhongwei,,China
7481419272,Thane,Duiged,Male,Internal Auditor,60,Molo,,Kenya
5975345359,Lucien,Lates,Male,Computer Systems Analyst IV,43,Obudovac,,Bosnia and Herzegovina
1734156694,Mei,Heelis,Female,Office Assistant III,50,,,Philippines
1729420354,Ly,Rosendorf,Male,VP Quality Control,29,,Oberösterreich,Austria
3555311301,Jerrine,Dingsdale,Female,Web Developer I,32,Mafinga,,Tanzania
7391761532,Kitti,Siburn,Female,Biostatistician IV,61,Zhonghuopu,,China
6040642912,Frank,Flahy,Female,Help Desk Technician,,Cigagade,,Indonesia
6779989932,Leontine,Laux,Female,Media Manager II,41,Shkodër,,Albania
8793480822,Noel,Gonnard,Male,,20,Summerland,British Columbia,Canada
2568818646,Rowland,Benaine,Male,Payment Adjustment Coordinator,40,Diez de Octubre,,Cuba
3618433735,Tobin,Hagerty,Male,VP Marketing,,Dourados,,Brazil
5883722784,Aindrea,Oxx,Female,Tax Accountant,54,,,Brazil
6354892288,Suzanna,Herrieven,Female,Paralegal,29,Rouen,Haute-Normandie,France
2908871653,Doreen,Wainscot,Female,Operator,,Milano,,Italy
8432826081,Zsa zsa,Gregoratti,Female,Senior Financial Analyst,32,Jianghong,,China
7372435803,Adey,Knapp,Female,GIS Technical Architect,58,Duozhu,,China
1337183555,Camey,Drohane,Male,Electrical Engineer,,Cumanacoa,,Venezuela
8315625411,Garey,Chinnock,Male,Actuary,32,Aix-en-Provence,Provence-Alpes-Côte d'Azur,France
9575076397,Amargo,Wynett,Female,Database Administrator IV,27,Bugojno,,Bosnia and Herzegovina
7771207197,Ralina,Piner,Female,Engineer I,19,Pātan,,Nepal
4372303416,Hugo,Gorry,Male,Pharmacist,50,Watoona,,Indonesia
3893137769,Theda,Draisey,Female,Human Resources Manager,37,Jaguaribe,,Brazil
8535245170,Renelle,Barrett,Female,Food Chemist,25,Subrag,,China
4418165193,Editha,Clemanceau,Female,Cost Accountant,36,,,Indonesia
7439619773,Kerry,Weaben,Female,,44,,,Indonesia
9321731660,Tiffi,Jakoviljevic,Female,Tax Accountant,,,Halland,Sweden
1798358794,Flor,Devinn,Female,Quality Engineer,47,,,Yemen
2303311969,Brandy,Hovell,Male,Help Desk Operator,44,Sil-li,,North Korea
8688566275,Emory,Farnworth,Male,Software Consultant,32,Imaan,,Indonesia
7857366803,Donavon,Tousey,Male,Administrative Officer,48,Raub,Pahang,Malaysia
2474991433,Washington,Mouncher,Male,Nurse,32,Jales,,Brazil
0941561186,Saul,La Rosa,Male,Geologist IV,29,Helsingborg,Skåne,Sweden
0112303633,Rodolphe,Laite,Male,Accounting Assistant III,33,Vetlanda,Jönköping,Sweden
1782926151,Georgie,Vial,Female,VP Marketing,35,Kalyny,,Ukraine
4076035429,Isabella,Cansdall,Female,Programmer I,32,Atabayan,,Philippines
4419478896,Teodora,Lintin,Female,Assistant Professor,52,,Guanajuato,Mexico
0657266671,Alessandro,Lanchbery,Male,Account Representative II,32,Ust-Kamenogorsk,,Kazakhstan
5360863706,Elka,Ollive,Female,Nuclear Power Engineer,46,Yanshang,,China
9555273758,Wendy,Crocker,Female,Paralegal,32,Kawagoe,,Japan
3957356865,Jillane,Mattaser,Female,Occupational Therapist,70,Biaoxi,,China
1654604089,Krissy,Rings,Female,Information Systems Manager,42,Mersa Matruh,,Egypt
3693705593,Vite,O'Lenane,Male,,68,Youguzhuang,,China
8348692398,Shepperd,Banfill,Male,Speech Pathologist,32,Danan,,China
1304132099,Lem,Basill,Male,Systems Administrator I,25,Dajie,,China
4019550980,Maryann,Hallifax,Female,Programmer II,67,Malinta,,Philippines
1999158407,Jillana,Sisse,Female,Sales Representative,32,Kostrzyn nad Odrą,,Poland
4749594881,Fielding,Bowdrey,Male,Software Consultant,23,Kambaxoi,,China
4975277697,Estelle,Sandey,Female,Electrical Engineer,53,Hostivice,,Czech Republic
4769661681,Rina,Lipprose,Female,Compensation Analyst,19,,,Russia
6751387725,Aldon,Rames,Male,General Manager,48,Cimanggu Wetan,,Indonesia
7227527131,Alexandros,Copland,Male,Account Representative I,32,Nailung,,China
6073428715,Sergeant,Seden,Male,Health Coach II,41,Rūjayb,,Palestinian Territory
7121616858,Corinne,Benardeau,Female,,32,Zalantun,,China
3045561462,Danella,Tomaszczyk,Female,Director of Sales,21,,,Sweden
2427645214,Rodrigo,Dimsdale,Male,,22,Tomaszów Lubelski,,Poland
1608817261,Eddie,Domenc,Male,Automation Specialist III,40,,,Vietnam
4487322812,Renae,Darke,Female,Information Systems Manager,,Krylovskaya,,Russia
5536498851,Alejandro,Minihane,Male,Electrical Engineer,20,Eindhoven,Provincie Noord-Brabant,Netherlands
3925683577,Iver,Pollen,Male,Junior Executive,55,Astana,,Kazakhstan
3376072892,Renaldo,Blakeney,Male,Data Coordiator,,Mapaniqui,,Philippines
6530368698,Herminia,Braffington,Female,Developer III,53,Keleng,,Indonesia
7807787899,Hurlee,Ruppeli,Male,Internal Auditor,18,Buldon,,Philippines
6300773914,Ernesto,Smithen,Male,Quality Control Specialist,32,,,China
3721083482,Douglas,Defty,Male,Human Resources Manager,32,Carthage,,Tunisia
1221475991,Codi,Dudson,Female,Product Engineer,77,Sighnaghi,,Georgia
9472221416,Arabel,Lamplugh,Female,Recruiting Manager,25,Liancheng,,China
0591185474,Marv,Keetch,Male,Office Assistant I,,Longwei,,China
2675847062,Cristi,Gokes,Female,Social Worker,28,Xincheng,,China
4794408099,Luce,Gude,Female,,32,Rimouski,,Canada
2815494183,Marcella,Dank,Female,Graphic Designer,44,Bimbo,,Central African Republic
7848247163,Addy,Jimson,Female,Computer Systems Analyst II,63,Pasirjaya,,Indonesia
6239935441,Arabelle,Queree,Female,Account Coordinator,32,,,Russia
3809204331,Filberte,McKeighen,Male,Associate Professor,60,La Sabana,,Honduras
8870932850,Augy,Davenport,Male,Occupational Therapist,32,Vrakháti,,Greece
7829388504,Colene,Geibel,Female,Executive Secretary,31,,,Peru
1069767883,Darby,Januszewski,Female,Actuary,38,Quito,,Ecuador
5821887437,Carol,Bowring,Female,Automation Specialist IV,22,,,China
6779398152,Pam,Pettipher,Female,Sales Associate,32,Novovladykino,,Russia
5635989152,Diarmid,Briggs,Male,Nuclear Power Engineer,41,Renxian,,China
7030899318,Amos,Britten,Male,Dental Hygienist,22,,,Sweden
2142580890,Clementius,Murie,Male,Financial Analyst,32,Hongjia,,China
0026889161,Gladys,Lanigan,Female,Compensation Analyst,59,Tuanai,,Indonesia
6561158350,Ambrose,Archbold,Male,Research Nurse,50,Debrzno,,Poland
7489633842,Winifield,Floweth,Male,VP Quality Control,38,Hagfors,,Sweden
8196711980,Joycelin,Sante,Female,Statistician I,40,,New York,United States
9886140518,Marylynne,Huncote,Female,Director of Sales,41,Quintães,Viana do Castelo,Portugal
9739747221,Tarrance,Polkinghorne,Male,Graphic Designer,26,Plátanos,,Greece
2284876617,Ursala,Eccleston,Female,Electrical Engineer,29,Columbus,Ohio,United States
7970116477,Franky,Goulborne,Female,Project Manager,63,Salcedo,,Philippines
0522311555,Nikolaus,Gibbetts,Male,,,El Cantón de San Pablo,,Colombia
5747322311,Carissa,Lurcock,Female,,32,Santa Cruz de la Sierra,,Bolivia
0916983250,Kenyon,Lewry,Male,General Manager,33,Město Albrechtice,,Czech Republic
7416838827,Adara,Feeham,Female,Geological Engineer,,Khao Kho,,Thailand
1863784888,Jeremie,Nanni,Male,VP Accounting,51,Itō,,Japan
4237003043,Salem,Scneider,Male,Pharmacist,21,Badajoz,Extremadura,Spain
9002588860,Baron,Gout,Male,Financial Advisor,51,Leduc,,Canada
